player,monster,level,variant,出場回数,A(アクティブ),P(コンパニオン),url01,url02,url03,url04,url05,url06,url07,url08,url09,url10,url11
ClayClay,誰そ彼,33,亜種1,3,カラカス / ダブルアタック / トライペック / ベノムスクラッチ / 光のベール,リジェネレイト / 守りのミンネ / 心の棘 / 戦いのエール,https://eldersign.jp/rankmatch?cmd=v&rk=2&v=5&se=5&t=1,https://eldersign.jp/rankmatch?cmd=v&rk=2&v=69&se=5&t=1,https://eldersign.jp/rankmatch?cmd=v&rk=2&v=169&se=5&t=1,,,,,,,,
ClayClay,熱峰分,30,亜種2,2,シャドウレイド / ダブルアタック / チャージ / デルタスラッシュ / バインドグラスプ,セントリー / リジェネレイト / 守りのミンネ / 戦いのエール,https://eldersign.jp/rankmatch?cmd=v&rk=2&v=5&se=5&t=1,https://eldersign.jp/rankmatch?cmd=v&rk=2&v=167&se=5&t=1,,,,,,,,,
ClayClay,シルバードラゴン,34,原種,5,カラカス / テンペスト / バーニングレイジ / 光のベール / 火葬,クィックオーダー / リジェネレイト / リフレクション / 命中ブースト / 悪目立ち / 戦いのエール / 敏捷ブースト,https://eldersign.jp/rankmatch?cmd=v&rk=2&v=5&se=5&t=1,https://eldersign.jp/rankmatch?cmd=v&rk=2&v=133&se=5&t=1,https://eldersign.jp/rankmatch?cmd=v&rk=2&v=166&se=5&t=1,https://eldersign.jp/rankmatch?cmd=v&rk=2&v=167&se=5&t=1,https://eldersign.jp/rankmatch?cmd=v&rk=2&v=171&se=5&t=1,,,,,,
ClayClay,ハルテ,57,原種,7,アゼランザ / パンデミック / ヒヤデスウィンド / ファイアランス / 炎の刻印,クィックオーダー / リジェネレイト / 敏捷ブースト,https://eldersign.jp/rankmatch?cmd=v&rk=2&v=5&se=5&t=1,https://eldersign.jp/rankmatch?cmd=v&rk=2&v=37&se=5&t=1,https://eldersign.jp/rankmatch?cmd=v&rk=2&v=69&se=5&t=1,https://eldersign.jp/rankmatch?cmd=v&rk=2&v=101&se=5&t=1,https://eldersign.jp/rankmatch?cmd=v&rk=2&v=168&se=5&t=1,https://eldersign.jp/rankmatch?cmd=v&rk=2&v=169&se=5&t=1,https://eldersign.jp/rankmatch?cmd=v&rk=2&v=170&se=5&t=1,,,,
ClayClay,コア,35,原種,1,デルバイス / 闇の刻印,ミラージュ / 心の棘,https://eldersign.jp/rankmatch?cmd=v&rk=2&v=37&se=5&t=1,,,,,,,,,,
ClayClay,デルバイス,32,原種,1,闇の刻印,ハートオブフレイム / ミラージュ,https://eldersign.jp/rankmatch?cmd=v&rk=2&v=37&se=5&t=1,,,,,,,,,,
ClayClay,イシュ,38,原種,6,アイスランス / ステイシス / ストームワーニング / スリートストーム / テンペスト,クィックオーダー / ミラージュ / 命中ブースト / 悪目立ち / 戦いのエール,https://eldersign.jp/rankmatch?cmd=v&rk=2&v=37&se=5&t=1,https://eldersign.jp/rankmatch?cmd=v&rk=2&v=69&se=5&t=1,https://eldersign.jp/rankmatch?cmd=v&rk=2&v=101&se=5&t=1,https://eldersign.jp/rankmatch?cmd=v&rk=2&v=168&se=5&t=1,https://eldersign.jp/rankmatch?cmd=v&rk=2&v=169&se=5&t=1,https://eldersign.jp/rankmatch?cmd=v&rk=2&v=170&se=5&t=1,,,,,
ClayClay,パティ,41,原種,3,エルフショット / ダイブ / ペイルムーン / リベレイション / ロッツオブラフ,クィックオーダー / 守りのミンネ / 心の壁 / 戦いのエール,https://eldersign.jp/rankmatch?cmd=v&rk=2&v=69&se=5&t=1,https://eldersign.jp/rankmatch?cmd=v&rk=2&v=101&se=5&t=1,https://eldersign.jp/rankmatch?cmd=v&rk=2&v=169&se=5&t=1,,,,,,,,
ClayClay,アークディスプレイサー,44,原種,3,ジャバー / スリープクラウド / ヒカップ / ホロウワールド / リヴァイヴ,クィックオーダー / 守りのミンネ / 心の壁,https://eldersign.jp/rankmatch?cmd=v&rk=2&v=101&se=5&t=1,https://eldersign.jp/rankmatch?cmd=v&rk=2&v=168&se=5&t=1,https://eldersign.jp/rankmatch?cmd=v&rk=2&v=170&se=5&t=1,,,,,,,,
ClayClay,ハルドル,34,原種,1,アースクェイク / ランドスライド,守りのミンネ / 戦いのエール,https://eldersign.jp/rankmatch?cmd=v&rk=2&v=133&se=5&t=1,,,,,,,,,,
ClayClay,アス,40,原種,3,アースクェイク / カロウシブスピット / シードハウザー / ダルバドーハ / ラーヴァフロウ,ハートオブオーシャン / リフレクション / 守りのミンネ / 戦いのエール,https://eldersign.jp/rankmatch?cmd=v&rk=2&v=133&se=5&t=1,https://eldersign.jp/rankmatch?cmd=v&rk=2&v=166&se=5&t=1,https://eldersign.jp/rankmatch?cmd=v&rk=2&v=167&se=5&t=1,,,,,,,,
ClayClay,夜庵,28,亜種1,3,カラカス / ディスペル / フライト / 光の楔 / 月光浴,エンジェリックウィング / カウンター / 守りのミンネ / 戦いのエール,https://eldersign.jp/rankmatch?cmd=v&rk=2&v=133&se=5&t=1,https://eldersign.jp/rankmatch?cmd=v&rk=2&v=167&se=5&t=1,https://eldersign.jp/rankmatch?cmd=v&rk=2&v=171&se=5&t=1,,,,,,,,
ClayClay,セント,31,原種,2,アースクェイク / カロウシブスピット / ダイブ / ラーヴァフロウ / 炎の楔,ハートオブウィンド / リフレクション / 守りのミンネ / 心の壁,https://eldersign.jp/rankmatch?cmd=v&rk=2&v=166&se=5&t=1,https://eldersign.jp/rankmatch?cmd=v&rk=2&v=171&se=5&t=1,,,,,,,,,
ClayClay,スピル,32,原種,1,アイスランス / スリートストーム / フラッド / ルルハラント,エンジェリックウィング / コールドアシスト,https://eldersign.jp/rankmatch?cmd=v&rk=2&v=166&se=5&t=1,,,,,,,,,,
ClayClay,ブラスドラゴン,34,原種,3,スタンピード / チャージ / ヒカップ / ランドスライド,レジストバインド / レジストフィアー / 守りのミンネ / 戦いのエール,https://eldersign.jp/rankmatch?cmd=v&rk=2&v=168&se=5&t=1,https://eldersign.jp/rankmatch?cmd=v&rk=2&v=170&se=5&t=1,https://eldersign.jp/rankmatch?cmd=v&rk=2&v=171&se=5&t=1,,,,,,,,
タカヤマン,パズズ／赤目,49,亜種2,3,ダブルアタック / デルタスラッシュ / ドラゴニックロア / バインドグラスプ,リジェネレイト / 守りのミンネ,https://eldersign.jp/rankmatch?cmd=v&rk=2&v=3&se=5&t=1,https://eldersign.jp/rankmatch?cmd=v&rk=2&v=67&se=5&t=1,https://eldersign.jp/rankmatch?cmd=v&rk=2&v=106&se=5&t=1,,,,,,,,
タカヤマン,シルドラ壱型,51,原種,3,アースクェイク / デスサイズ / ビーストキラー / ベノムスティング / 光の刻印,ハートオブオーシャン / ミラージュ / リジェネレイト,https://eldersign.jp/rankmatch?cmd=v&rk=2&v=3&se=5&t=1,https://eldersign.jp/rankmatch?cmd=v&rk=2&v=67&se=5&t=1,https://eldersign.jp/rankmatch?cmd=v&rk=2&v=106&se=5&t=1,,,,,,,,
タカヤマン,カシャ／黒,52,亜種1,3,ヒーリング / ペイルムーン / 光のベール / 光の楔 / 風葬,エンジェリックウィング / リジェネレイト,https://eldersign.jp/rankmatch?cmd=v&rk=2&v=3&se=5&t=1,https://eldersign.jp/rankmatch?cmd=v&rk=2&v=67&se=5&t=1,https://eldersign.jp/rankmatch?cmd=v&rk=2&v=106&se=5&t=1,,,,,,,,
タカヤマン,クン・アヌン／白,45,亜種2,2,クルセイド / 光のベール / 光の楔 / 風葬,ハートオブフレイム / ミラージュ,https://eldersign.jp/rankmatch?cmd=v&rk=2&v=3&se=5&t=1,https://eldersign.jp/rankmatch?cmd=v&rk=2&v=67&se=5&t=1,,,,,,,,,
タカヤマン,ドール／壱,52,原種,2,アウターキラー / アースクェイク / スキュアー / スタンピード / チャージ,ハートオブオーシャン / リジェネレイト / 守りのミンネ / 戦いのエール,https://eldersign.jp/rankmatch?cmd=v&rk=2&v=35&se=5&t=1,https://eldersign.jp/rankmatch?cmd=v&rk=2&v=102&se=5&t=1,,,,,,,,,
タカヤマン,アトラク＝ナクア,24,亜種1,1,ゴッサマーチェイン / ディスペル / ブラッドセイバー / ルールオブドリームス / 光のベール,守りのミンネ / 心の棘,https://eldersign.jp/rankmatch?cmd=v&rk=2&v=35&se=5&t=1,,,,,,,,,,
タカヤマン,F.S.M.～②,44,亜種2,2,テンペスト / ミラーズ / ユロール / 光の楔,ハートオブフレイム / リジェネレイト / 守りのミンネ,https://eldersign.jp/rankmatch?cmd=v&rk=2&v=35&se=5&t=1,https://eldersign.jp/rankmatch?cmd=v&rk=2&v=102&se=5&t=1,,,,,,,,,
タカヤマン,スターヴァンパイア☆☆,45,原種,1,アンブッシュ / ミラーズ / ユロール / 光のベール / 光の楔,ハートオブフレイム / ミラージュ,https://eldersign.jp/rankmatch?cmd=v&rk=2&v=35&se=5&t=1,,,,,,,,,,
タカヤマン,ケット・シー／１号,58,亜種2,6,テンペスト / ヒヤデスウィンド / フェアリーエイド / ペイルムーン / 光のベール,ハートオブウィンド / ハートオブフレイム / フェアリークッキー / ミラージュ / レジストバインド / レジストペトリ,https://eldersign.jp/rankmatch?cmd=v&rk=2&v=100&se=5&t=1,https://eldersign.jp/rankmatch?cmd=v&rk=2&v=101&se=5&t=1,https://eldersign.jp/rankmatch?cmd=v&rk=2&v=103&se=5&t=1,https://eldersign.jp/rankmatch?cmd=v&rk=2&v=104&se=5&t=1,https://eldersign.jp/rankmatch?cmd=v&rk=2&v=105&se=5&t=1,https://eldersign.jp/rankmatch?cmd=v&rk=2&v=107&se=5&t=1,,,,,
タカヤマン,ケット・シー／２号,70,亜種2,3,アゼランザ / エンジェルダスト / トランキリティ / フェイズアウト / ルルハラント,クィックオーダー / フェアリークッキー / リジェネレイト / 守りのミンネ,https://eldersign.jp/rankmatch?cmd=v&rk=2&v=100&se=5&t=1,https://eldersign.jp/rankmatch?cmd=v&rk=2&v=101&se=5&t=1,https://eldersign.jp/rankmatch?cmd=v&rk=2&v=107&se=5&t=1,,,,,,,,
タカヤマン,スノウ／白,67,亜種2,6,ヒヤデスウィンド / フサリア / フラッシュファイア / リヴァイヴ / 炎の刻印,ハートオブフレイム / ハートオブマーブル / フェアリークッキー / ミラージュ / リジェネレイト,https://eldersign.jp/rankmatch?cmd=v&rk=2&v=100&se=5&t=1,https://eldersign.jp/rankmatch?cmd=v&rk=2&v=101&se=5&t=1,https://eldersign.jp/rankmatch?cmd=v&rk=2&v=103&se=5&t=1,https://eldersign.jp/rankmatch?cmd=v&rk=2&v=104&se=5&t=1,https://eldersign.jp/rankmatch?cmd=v&rk=2&v=105&se=5&t=1,https://eldersign.jp/rankmatch?cmd=v&rk=2&v=107&se=5&t=1,,,,,
タカヤマン,サキュバス１,47,原種,6,アウェイクニング / エンジェルダスト / スタンダールシンドローム / ペイルムーン / 悪魔のトリル,ハートオブフレイム / ハートオブマーブル / フェアリークッキー / ミラージュ / リジェネレイト,https://eldersign.jp/rankmatch?cmd=v&rk=2&v=100&se=5&t=1,https://eldersign.jp/rankmatch?cmd=v&rk=2&v=101&se=5&t=1,https://eldersign.jp/rankmatch?cmd=v&rk=2&v=103&se=5&t=1,https://eldersign.jp/rankmatch?cmd=v&rk=2&v=104&se=5&t=1,https://eldersign.jp/rankmatch?cmd=v&rk=2&v=105&se=5&t=1,https://eldersign.jp/rankmatch?cmd=v&rk=2&v=107&se=5&t=1,,,,,
タカヤマン,ティンダロスハウンド@,45,亜種1,1,スキュアー / フェイズアウト / ルルハラント / 光のベール / 光の楔,ハートオブフレイム / リフレクション,https://eldersign.jp/rankmatch?cmd=v&rk=2&v=102&se=5&t=1,,,,,,,,,,
タカヤマン,スターヴァンパイア☆,47,原種,1,ミラーズ / ユロール / 光のベール / 光の楔 / 風葬,ハートオブフレイム / ミラージュ,https://eldersign.jp/rankmatch?cmd=v&rk=2&v=102&se=5&t=1,,,,,,,,,,
タカヤマン,ペリ／冷,56,亜種2,3,アイスランス / スノウストーム / ペイルムーン / 氷の刻印 / 氷の花,フェアリークッキー / リジェネレイト / 守りのミンネ,https://eldersign.jp/rankmatch?cmd=v&rk=2&v=103&se=5&t=1,https://eldersign.jp/rankmatch?cmd=v&rk=2&v=104&se=5&t=1,https://eldersign.jp/rankmatch?cmd=v&rk=2&v=105&se=5&t=1,,,,,,,,
タカヤマン,クン・アヌン／黒,49,亜種1,1,クルセイド / ニグラーヌ / 光のベール / 光の楔,ハートオブフレイム / ミラージュ,https://eldersign.jp/rankmatch?cmd=v&rk=2&v=106&se=5&t=1,,,,,,,,,,
カリスト,フォマルガルバドーハ！,63,亜種1,1,カロウシブスピット / スキュアー / スタンピード / トライペック / ブラッドセイバー,守りのミンネ / 戦いのエール,https://eldersign.jp/rankmatch?cmd=v&rk=2&v=1&se=5&t=1,,,,,,,,,,
カリスト,復活の淫夢くんUC,62,亜種2,5,カラカス / チャージ / フォトケミカルスモッグ / ルルハラント / 光のベール,セントリー / リジェネレイト / 守りのミンネ / 戦いのエール,https://eldersign.jp/rankmatch?cmd=v&rk=2&v=1&se=5&t=1,https://eldersign.jp/rankmatch?cmd=v&rk=2&v=38&se=5&t=1,https://eldersign.jp/rankmatch?cmd=v&rk=2&v=39&se=5&t=1,https://eldersign.jp/rankmatch?cmd=v&rk=2&v=40&se=5&t=1,https://eldersign.jp/rankmatch?cmd=v&rk=2&v=42&se=5&t=1,,,,,,
カリスト,星のスピキ擬態型,60,亜種2,11,アンブッシュ / カラカス / ヒーリング / フォトケミカルスモッグ / 光のベール,クィックオーダー / ボディケア,https://eldersign.jp/rankmatch?cmd=v&rk=2&v=1&se=5&t=1,https://eldersign.jp/rankmatch?cmd=v&rk=2&v=34&se=5&t=1,https://eldersign.jp/rankmatch?cmd=v&rk=2&v=35&se=5&t=1,https://eldersign.jp/rankmatch?cmd=v&rk=2&v=36&se=5&t=1,https://eldersign.jp/rankmatch?cmd=v&rk=2&v=37&se=5&t=1,https://eldersign.jp/rankmatch?cmd=v&rk=2&v=38&se=5&t=1,https://eldersign.jp/rankmatch?cmd=v&rk=2&v=39&se=5&t=1,https://eldersign.jp/rankmatch?cmd=v&rk=2&v=40&se=5&t=1,https://eldersign.jp/rankmatch?cmd=v&rk=2&v=41&se=5&t=1,https://eldersign.jp/rankmatch?cmd=v&rk=2&v=42&se=5&t=1,https://eldersign.jp/rankmatch?cmd=v&rk=2&v=43&se=5&t=1
カリスト,比良坂初音,60,亜種2,11,エルフショット / ミラーズ / ユロール / 光のベール / 光の楔,ハートオブフレイム / リジェネレイト / レジストバインド / 守りのミンネ / 心の棘,https://eldersign.jp/rankmatch?cmd=v&rk=2&v=1&se=5&t=1,https://eldersign.jp/rankmatch?cmd=v&rk=2&v=34&se=5&t=1,https://eldersign.jp/rankmatch?cmd=v&rk=2&v=35&se=5&t=1,https://eldersign.jp/rankmatch?cmd=v&rk=2&v=36&se=5&t=1,https://eldersign.jp/rankmatch?cmd=v&rk=2&v=37&se=5&t=1,https://eldersign.jp/rankmatch?cmd=v&rk=2&v=38&se=5&t=1,https://eldersign.jp/rankmatch?cmd=v&rk=2&v=39&se=5&t=1,https://eldersign.jp/rankmatch?cmd=v&rk=2&v=40&se=5&t=1,https://eldersign.jp/rankmatch?cmd=v&rk=2&v=41&se=5&t=1,https://eldersign.jp/rankmatch?cmd=v&rk=2&v=42&se=5&t=1,https://eldersign.jp/rankmatch?cmd=v&rk=2&v=43&se=5&t=1
カリスト,地を喰らうスピキ,66,亜種1,10,カロウシブスピット / スキュアー / スタンピード / トライペック / ブラッドセイバー,ハートオブオーシャン / リジェネレイト / 守りのミンネ / 戦いのエール,https://eldersign.jp/rankmatch?cmd=v&rk=2&v=34&se=5&t=1,https://eldersign.jp/rankmatch?cmd=v&rk=2&v=35&se=5&t=1,https://eldersign.jp/rankmatch?cmd=v&rk=2&v=36&se=5&t=1,https://eldersign.jp/rankmatch?cmd=v&rk=2&v=37&se=5&t=1,https://eldersign.jp/rankmatch?cmd=v&rk=2&v=38&se=5&t=1,https://eldersign.jp/rankmatch?cmd=v&rk=2&v=39&se=5&t=1,https://eldersign.jp/rankmatch?cmd=v&rk=2&v=40&se=5&t=1,https://eldersign.jp/rankmatch?cmd=v&rk=2&v=41&se=5&t=1,https://eldersign.jp/rankmatch?cmd=v&rk=2&v=42&se=5&t=1,https://eldersign.jp/rankmatch?cmd=v&rk=2&v=43&se=5&t=1,
カリスト,畝の後ろの後ろを歩くモノ,62,原種,6,ガッシマ / スキュアー / スタンピード / トライペック / トランキリティ,守りのミンネ / 戦いのエール,https://eldersign.jp/rankmatch?cmd=v&rk=2&v=34&se=5&t=1,https://eldersign.jp/rankmatch?cmd=v&rk=2&v=35&se=5&t=1,https://eldersign.jp/rankmatch?cmd=v&rk=2&v=36&se=5&t=1,https://eldersign.jp/rankmatch?cmd=v&rk=2&v=37&se=5&t=1,https://eldersign.jp/rankmatch?cmd=v&rk=2&v=41&se=5&t=1,https://eldersign.jp/rankmatch?cmd=v&rk=2&v=43&se=5&t=1,,,,,
イマクロ,ブラスドラゴン,70,原種,5,アウターキラー / アースクェイク / ウォークライ / ブラッドセイバー / ラーヴァフロウ,エンジェリックウィング / レジストシール / レジストペトリ / 守りのミンネ / 戦いのエール,https://eldersign.jp/rankmatch?cmd=v&rk=2&v=7&se=5&t=1,https://eldersign.jp/rankmatch?cmd=v&rk=2&v=39&se=5&t=1,https://eldersign.jp/rankmatch?cmd=v&rk=2&v=71&se=5&t=1,https://eldersign.jp/rankmatch?cmd=v&rk=2&v=167&se=5&t=1,https://eldersign.jp/rankmatch?cmd=v&rk=2&v=235&se=5&t=1,,,,,,
イマクロ,ハイドラ (1),70,原種,7,アースクェイク / ウォークライ / スタンピード / ブラッドセイバー / ラーヴァフロウ,ハートオブウィンド / ミラージュ / 守りのミンネ / 戦いのエール,https://eldersign.jp/rankmatch?cmd=v&rk=2&v=7&se=5&t=1,https://eldersign.jp/rankmatch?cmd=v&rk=2&v=39&se=5&t=1,https://eldersign.jp/rankmatch?cmd=v&rk=2&v=71&se=5&t=1,https://eldersign.jp/rankmatch?cmd=v&rk=2&v=103&se=5&t=1,https://eldersign.jp/rankmatch?cmd=v&rk=2&v=135&se=5&t=1,https://eldersign.jp/rankmatch?cmd=v&rk=2&v=167&se=5&t=1,https://eldersign.jp/rankmatch?cmd=v&rk=2&v=235&se=5&t=1,,,,
イマクロ,ハイドラ (2),43,原種,1,アースクェイク / チャージ / トライペック / 光の刻印,カウンター / ハートオブウィンド,https://eldersign.jp/rankmatch?cmd=v&rk=2&v=103&se=5&t=1,,,,,,,,,,
イマクロ,シムルグ,70,原種,4,キャンセレイション / テンペスト / ドラゴニックロア / 光のベール / 炎の楔,リフレクション / レジストバインド / 守りのミンネ / 戦いのエール,https://eldersign.jp/rankmatch?cmd=v&rk=2&v=7&se=5&t=1,https://eldersign.jp/rankmatch?cmd=v&rk=2&v=39&se=5&t=1,https://eldersign.jp/rankmatch?cmd=v&rk=2&v=71&se=5&t=1,https://eldersign.jp/rankmatch?cmd=v&rk=2&v=235&se=5&t=1,,,,,,,
イマクロ,ウルタールの猫,50,亜種1,6,エルフショット / パンデミック / フライト / 月光浴 / 炎の楔,ハートオブウィンド / リフレクション / レジストシール / レジストペトリ / 心の棘 / 魔力ブースト,https://eldersign.jp/rankmatch?cmd=v&rk=2&v=7&se=5&t=1,https://eldersign.jp/rankmatch?cmd=v&rk=2&v=39&se=5&t=1,https://eldersign.jp/rankmatch?cmd=v&rk=2&v=71&se=5&t=1,https://eldersign.jp/rankmatch?cmd=v&rk=2&v=103&se=5&t=1,https://eldersign.jp/rankmatch?cmd=v&rk=2&v=135&se=5&t=1,https://eldersign.jp/rankmatch?cmd=v&rk=2&v=235&se=5&t=1,,,,,
イマクロ,サキュバス,43,原種,1,ペイルムーン / 光の楔,レジストシール / 魔力ブースト,https://eldersign.jp/rankmatch?cmd=v&rk=2&v=103&se=5&t=1,,,,,,,,,,
イマクロ,ドール,40,原種,1,カロウシブスピット / 光の刻印,コールドバリア / フレイムアシスト,https://eldersign.jp/rankmatch?cmd=v&rk=2&v=135&se=5&t=1,,,,,,,,,,
イマクロ,ペリ (1),70,原種,1,キャンセレイション,リジェネレイト / 守りのミンネ,https://eldersign.jp/rankmatch?cmd=v&rk=2&v=135&se=5&t=1,,,,,,,,,,
イマクロ,ペリ (2),70,原種,1,トランキリティ / ポイズンクラウド / リヴァイヴ / 光の楔,レジストシック / レジストスリープ,https://eldersign.jp/rankmatch?cmd=v&rk=2&v=167&se=5&t=1,,,,,,,,,,
イマクロ,ルサルカ (1),58,原種,1,リヴァイヴ,ハートオブフレイム,https://eldersign.jp/rankmatch?cmd=v&rk=2&v=167&se=5&t=1,,,,,,,,,,
イマクロ,ルサルカ (2),70,原種,4,アイスランス / セメタリーゲート / ヒヤデスウィンド / フラッド / 光のベール,コールドアシスト / ハートオブフレイム / レジストシック / レジストスリープ / レジストチャーム / 魔力ブースト,https://eldersign.jp/rankmatch?cmd=v&rk=2&v=199&se=5&t=1,https://eldersign.jp/rankmatch?cmd=v&rk=2&v=232&se=5&t=1,https://eldersign.jp/rankmatch?cmd=v&rk=2&v=233&se=5&t=1,https://eldersign.jp/rankmatch?cmd=v&rk=2&v=234&se=5&t=1,,,,,,,
イマクロ,アークディスプレイサー (1),70,原種,1,ホロウワールド,ハートオブウィンド / リフレクション,https://eldersign.jp/rankmatch?cmd=v&rk=2&v=199&se=5&t=1,,,,,,,,,,
イマクロ,アークディスプレイサー (2),70,原種,3,スリープクラウド / セメタリーゲート / フェイズアウト,ハートオブウィンド / リフレクション / レジストシック / レジストスリープ,https://eldersign.jp/rankmatch?cmd=v&rk=2&v=232&se=5&t=1,https://eldersign.jp/rankmatch?cmd=v&rk=2&v=233&se=5&t=1,https://eldersign.jp/rankmatch?cmd=v&rk=2&v=234&se=5&t=1,,,,,,,,
イマクロ,ティンダロスハウンド,70,原種,4,ダブルアタック / チャージ / フェイズアウト / 光の刻印,リフレクション / レジストバインド / 守りのミンネ / 戦いのエール,https://eldersign.jp/rankmatch?cmd=v&rk=2&v=199&se=5&t=1,https://eldersign.jp/rankmatch?cmd=v&rk=2&v=232&se=5&t=1,https://eldersign.jp/rankmatch?cmd=v&rk=2&v=233&se=5&t=1,https://eldersign.jp/rankmatch?cmd=v&rk=2&v=234&se=5&t=1,,,,,,,
イマクロ,エアリエル,70,原種,4,セメタリーゲート / テンペスト / フェアリーエイド / 光の楔 / 悪魔のトリル,レジストシック / レジストスリープ / レジストチャーム / 守りのミンネ / 戦いのエール,https://eldersign.jp/rankmatch?cmd=v&rk=2&v=199&se=5&t=1,https://eldersign.jp/rankmatch?cmd=v&rk=2&v=232&se=5&t=1,https://eldersign.jp/rankmatch?cmd=v&rk=2&v=233&se=5&t=1,https://eldersign.jp/rankmatch?cmd=v&rk=2&v=234&se=5&t=1,,,,,,,
Lollypop,ダークヤング,56,亜種2,8,イートアライブ / ガッシマ / スウィング / チャージ / トライペック / ワインクラウド,クィックオーダー / 守りのミンネ / 戦いのエール / 防御ブースト,https://eldersign.jp/rankmatch?cmd=v&rk=2&v=6&se=5&t=1,https://eldersign.jp/rankmatch?cmd=v&rk=2&v=70&se=5&t=1,https://eldersign.jp/rankmatch?cmd=v&rk=2&v=134&se=5&t=1,https://eldersign.jp/rankmatch?cmd=v&rk=2&v=199&se=5&t=1,https://eldersign.jp/rankmatch?cmd=v&rk=2&v=200&se=5&t=1,https://eldersign.jp/rankmatch?cmd=v&rk=2&v=201&se=5&t=1,https://eldersign.jp/rankmatch?cmd=v&rk=2&v=202&se=5&t=1,https://eldersign.jp/rankmatch?cmd=v&rk=2&v=203&se=5&t=1,,,
Lollypop,ハイドラ (1),47,原種,10,アースクェイク / ダブルアタック / チャージ / ベノムスクラッチ / ラーヴァフロウ,クィックオーダー / フレイムアシスト / 命中ブースト / 守りのミンネ / 戦いのエール,https://eldersign.jp/rankmatch?cmd=v&rk=2&v=6&se=5&t=1,https://eldersign.jp/rankmatch?cmd=v&rk=2&v=38&se=5&t=1,https://eldersign.jp/rankmatch?cmd=v&rk=2&v=102&se=5&t=1,https://eldersign.jp/rankmatch?cmd=v&rk=2&v=134&se=5&t=1,https://eldersign.jp/rankmatch?cmd=v&rk=2&v=166&se=5&t=1,https://eldersign.jp/rankmatch?cmd=v&rk=2&v=199&se=5&t=1,https://eldersign.jp/rankmatch?cmd=v&rk=2&v=200&se=5&t=1,https://eldersign.jp/rankmatch?cmd=v&rk=2&v=201&se=5&t=1,https://eldersign.jp/rankmatch?cmd=v&rk=2&v=202&se=5&t=1,https://eldersign.jp/rankmatch?cmd=v&rk=2&v=203&se=5&t=1,
Lollypop,ハイドラ (2),47,亜種2,3,アースクェイク / スタンピード / チャージ / ペトロガス / ラーヴァフロウ,守りのミンネ / 戦いのエール,https://eldersign.jp/rankmatch?cmd=v&rk=2&v=38&se=5&t=1,https://eldersign.jp/rankmatch?cmd=v&rk=2&v=102&se=5&t=1,https://eldersign.jp/rankmatch?cmd=v&rk=2&v=166&se=5&t=1,,,,,,,,
Lollypop,モーラ,41,亜種2,5,アウェイクニング / ブラッドスティール / ペイルムーン / リベレイション / 悪魔のトリル,エンジェリックウィング / クィックオーダー / コールドアシスト / コールドバリア / ミラージュ / 防御ブースト,https://eldersign.jp/rankmatch?cmd=v&rk=2&v=6&se=5&t=1,https://eldersign.jp/rankmatch?cmd=v&rk=2&v=134&se=5&t=1,https://eldersign.jp/rankmatch?cmd=v&rk=2&v=199&se=5&t=1,https://eldersign.jp/rankmatch?cmd=v&rk=2&v=201&se=5&t=1,https://eldersign.jp/rankmatch?cmd=v&rk=2&v=203&se=5&t=1,,,,,,
Lollypop,クン・アヌン,53,亜種1,8,クルセイド / スリープクラウド / バーニングレイジ / 光のベール / 光の楔,クィックオーダー / ハートオブフレイム / フレイムアシスト / フレイムバリア / リジェネレイト / 命中ブースト,https://eldersign.jp/rankmatch?cmd=v&rk=2&v=6&se=5&t=1,https://eldersign.jp/rankmatch?cmd=v&rk=2&v=70&se=5&t=1,https://eldersign.jp/rankmatch?cmd=v&rk=2&v=134&se=5&t=1,https://eldersign.jp/rankmatch?cmd=v&rk=2&v=199&se=5&t=1,https://eldersign.jp/rankmatch?cmd=v&rk=2&v=200&se=5&t=1,https://eldersign.jp/rankmatch?cmd=v&rk=2&v=201&se=5&t=1,https://eldersign.jp/rankmatch?cmd=v&rk=2&v=202&se=5&t=1,https://eldersign.jp/rankmatch?cmd=v&rk=2&v=203&se=5&t=1,,,
Lollypop,猫も可愛いね,32,亜種1,1,キャンセレイション / フライト / リヴァイヴ / 光のベール / 月光浴,ハートオブフレイム / リジェネレイト,https://eldersign.jp/rankmatch?cmd=v&rk=2&v=38&se=5&t=1,,,,,,,,,,
Lollypop,小さな空の覇者,56,亜種1,3,クルセイド / スリープクラウド / バーニングレイジ / 光のベール / 光の楔,クィックオーダー / レジストシール / レジストバインド / 命中ブースト,https://eldersign.jp/rankmatch?cmd=v&rk=2&v=38&se=5&t=1,https://eldersign.jp/rankmatch?cmd=v&rk=2&v=102&se=5&t=1,https://eldersign.jp/rankmatch?cmd=v&rk=2&v=166&se=5&t=1,,,,,,,,
Lollypop,ドール,18,原種,1,アースクェイク / カロウシブスピット / チャージ / ランドスライド,守りのミンネ / 戦いのエール,https://eldersign.jp/rankmatch?cmd=v&rk=2&v=70&se=5&t=1,,,,,,,,,,
Lollypop,エアリエル,32,原種,3,セメタリーゲート / バーニングレイジ / ファイアランス,ミラージュ / リフレクション / 心の壁 / 心の棘,https://eldersign.jp/rankmatch?cmd=v&rk=2&v=70&se=5&t=1,https://eldersign.jp/rankmatch?cmd=v&rk=2&v=200&se=5&t=1,https://eldersign.jp/rankmatch?cmd=v&rk=2&v=202&se=5&t=1,,,,,,,,
Lollypop,ホブゴブリンキング,50,亜種2,2,アウェイクニング / ペイルムーン / リヴァイヴ,フレイムアシスト / フレイムバリア,https://eldersign.jp/rankmatch?cmd=v&rk=2&v=102&se=5&t=1,https://eldersign.jp/rankmatch?cmd=v&rk=2&v=166&se=5&t=1,,,,,,,,,
ユウア,ドール (1),35,原種,2,アースクェイク / スタンピード / チャージ / ハードブロウ,エンジェリックウィング / 戦いのエール,https://eldersign.jp/rankmatch?cmd=v&rk=2&v=4&se=5&t=1,https://eldersign.jp/rankmatch?cmd=v&rk=2&v=137&se=5&t=1,,,,,,,,,
ユウア,ドール (2),34,原種,2,アースクェイク / スタンピード / チャージ / ハードブロウ,エンジェリックウィング,https://eldersign.jp/rankmatch?cmd=v&rk=2&v=4&se=5&t=1,https://eldersign.jp/rankmatch?cmd=v&rk=2&v=137&se=5&t=1,,,,,,,,,
ユウア,アークディスプレイサー,54,原種,3,アンブッシュ / カラカス / ホロウワールド / 光のベール / 光の楔,エンジェリックウィング / クィックオーダー / ハートオブオーシャン,https://eldersign.jp/rankmatch?cmd=v&rk=2&v=4&se=5&t=1,https://eldersign.jp/rankmatch?cmd=v&rk=2&v=137&se=5&t=1,https://eldersign.jp/rankmatch?cmd=v&rk=2&v=139&se=5&t=1,,,,,,,,
ユウア,オールドワン,43,亜種2,5,エルフショット / ヒーリング / ミラーズ / ユロール / 悪魔のトリル,エンジェリックウィング / ハートオブオーシャン / ハートオブフレイム / ミラージュ / リフレクション / 魔力ブースト,https://eldersign.jp/rankmatch?cmd=v&rk=2&v=4&se=5&t=1,https://eldersign.jp/rankmatch?cmd=v&rk=2&v=100&se=5&t=1,https://eldersign.jp/rankmatch?cmd=v&rk=2&v=133&se=5&t=1,https://eldersign.jp/rankmatch?cmd=v&rk=2&v=137&se=5&t=1,https://eldersign.jp/rankmatch?cmd=v&rk=2&v=139&se=5&t=1,,,,,,
ユウア,フラーユ (1),29,原種,4,セメタリーゲート / ペイルムーン,コールドアシスト / 敏捷ブースト,https://eldersign.jp/rankmatch?cmd=v&rk=2&v=36&se=5&t=1,https://eldersign.jp/rankmatch?cmd=v&rk=2&v=134&se=5&t=1,https://eldersign.jp/rankmatch?cmd=v&rk=2&v=135&se=5&t=1,https://eldersign.jp/rankmatch?cmd=v&rk=2&v=138&se=5&t=1,,,,,,,
ユウア,フラーユ (2),17,原種,4,アイスランス / セメタリーゲート / ペイルムーン,コールドアシスト / 敏捷ブースト,https://eldersign.jp/rankmatch?cmd=v&rk=2&v=36&se=5&t=1,https://eldersign.jp/rankmatch?cmd=v&rk=2&v=134&se=5&t=1,https://eldersign.jp/rankmatch?cmd=v&rk=2&v=135&se=5&t=1,https://eldersign.jp/rankmatch?cmd=v&rk=2&v=138&se=5&t=1,,,,,,,
ユウア,エアリエル,54,原種,6,セメタリーゲート / テンペスト / フェアリーエイド,クィックオーダー / ハートオブフレイム / 守りのミンネ / 心の壁 / 敏捷ブースト / 魔力ブースト,https://eldersign.jp/rankmatch?cmd=v&rk=2&v=36&se=5&t=1,https://eldersign.jp/rankmatch?cmd=v&rk=2&v=68&se=5&t=1,https://eldersign.jp/rankmatch?cmd=v&rk=2&v=134&se=5&t=1,https://eldersign.jp/rankmatch?cmd=v&rk=2&v=135&se=5&t=1,https://eldersign.jp/rankmatch?cmd=v&rk=2&v=136&se=5&t=1,https://eldersign.jp/rankmatch?cmd=v&rk=2&v=138&se=5&t=1,,,,,
ユウア,サキュバス,43,亜種1,4,アウェイクニング / エルフショット / セメタリーゲート / 悪魔のトリル,ハートオブフレイム / 心の棘 / 魔力ブースト,https://eldersign.jp/rankmatch?cmd=v&rk=2&v=36&se=5&t=1,https://eldersign.jp/rankmatch?cmd=v&rk=2&v=134&se=5&t=1,https://eldersign.jp/rankmatch?cmd=v&rk=2&v=135&se=5&t=1,https://eldersign.jp/rankmatch?cmd=v&rk=2&v=138&se=5&t=1,,,,,,,
ユウア,ダークヤング (1),42,原種,5,ガッシマ / スタンピード / チャージ / ハードブロウ / ブラッドセイバー,守りのミンネ / 戦いのエール,https://eldersign.jp/rankmatch?cmd=v&rk=2&v=68&se=5&t=1,https://eldersign.jp/rankmatch?cmd=v&rk=2&v=100&se=5&t=1,https://eldersign.jp/rankmatch?cmd=v&rk=2&v=133&se=5&t=1,https://eldersign.jp/rankmatch?cmd=v&rk=2&v=136&se=5&t=1,https://eldersign.jp/rankmatch?cmd=v&rk=2&v=139&se=5&t=1,,,,,,
ユウア,ダークヤング (2),36,原種,5,ガッシマ / スタンピード / チャージ / ハードブロウ,守りのミンネ / 戦いのエール,https://eldersign.jp/rankmatch?cmd=v&rk=2&v=68&se=5&t=1,https://eldersign.jp/rankmatch?cmd=v&rk=2&v=100&se=5&t=1,https://eldersign.jp/rankmatch?cmd=v&rk=2&v=133&se=5&t=1,https://eldersign.jp/rankmatch?cmd=v&rk=2&v=136&se=5&t=1,https://eldersign.jp/rankmatch?cmd=v&rk=2&v=139&se=5&t=1,,,,,,
ユウア,ルサルカ,50,亜種2,2,ウィンターブラスト / スリープクラウド / フラッド,ハートオブフレイム / 敏捷ブースト / 魔力ブースト,https://eldersign.jp/rankmatch?cmd=v&rk=2&v=68&se=5&t=1,https://eldersign.jp/rankmatch?cmd=v&rk=2&v=136&se=5&t=1,,,,,,,,,
ユウア,アトラク＝ナクア,35,亜種2,2,エンジェルダスト / ゴッサマーチェイン / トランキリティ / ミラーズ / ユロール,クィックオーダー / 守りのミンネ / 心の壁,https://eldersign.jp/rankmatch?cmd=v&rk=2&v=100&se=5&t=1,https://eldersign.jp/rankmatch?cmd=v&rk=2&v=133&se=5&t=1,,,,,,,,,
酒と泪,ハイドラ,70,原種,11,クァドラストライク / ラーヴァフロウ / 炎のベール / 誘い受け / 踏みつけ,エンジェリックウィング,https://eldersign.jp/rankmatch?cmd=v&rk=2&v=1&se=5&t=1,https://eldersign.jp/rankmatch?cmd=v&rk=2&v=2&se=5&t=1,https://eldersign.jp/rankmatch?cmd=v&rk=2&v=3&se=5&t=1,https://eldersign.jp/rankmatch?cmd=v&rk=2&v=4&se=5&t=1,https://eldersign.jp/rankmatch?cmd=v&rk=2&v=5&se=5&t=1,https://eldersign.jp/rankmatch?cmd=v&rk=2&v=6&se=5&t=1,https://eldersign.jp/rankmatch?cmd=v&rk=2&v=7&se=5&t=1,https://eldersign.jp/rankmatch?cmd=v&rk=2&v=8&se=5&t=1,https://eldersign.jp/rankmatch?cmd=v&rk=2&v=9&se=5&t=1,https://eldersign.jp/rankmatch?cmd=v&rk=2&v=10&se=5&t=1,https://eldersign.jp/rankmatch?cmd=v&rk=2&v=11&se=5&t=1
酒と泪,ダークヤング,54,原種,1,イボニーシード / ファストブレード / 光の楔,リフレクション / 防御ブースト,https://eldersign.jp/rankmatch?cmd=v&rk=2&v=1&se=5&t=1,,,,,,,,,,
酒と泪,ドール (1),63,亜種1,11,アースクェイク / カロウシブスピット / スカラド / ダルバドーハ / 炎の刻印,リジェネレイト / リフレクション,https://eldersign.jp/rankmatch?cmd=v&rk=2&v=1&se=5&t=1,https://eldersign.jp/rankmatch?cmd=v&rk=2&v=2&se=5&t=1,https://eldersign.jp/rankmatch?cmd=v&rk=2&v=3&se=5&t=1,https://eldersign.jp/rankmatch?cmd=v&rk=2&v=4&se=5&t=1,https://eldersign.jp/rankmatch?cmd=v&rk=2&v=5&se=5&t=1,https://eldersign.jp/rankmatch?cmd=v&rk=2&v=6&se=5&t=1,https://eldersign.jp/rankmatch?cmd=v&rk=2&v=7&se=5&t=1,https://eldersign.jp/rankmatch?cmd=v&rk=2&v=8&se=5&t=1,https://eldersign.jp/rankmatch?cmd=v&rk=2&v=9&se=5&t=1,https://eldersign.jp/rankmatch?cmd=v&rk=2&v=10&se=5&t=1,https://eldersign.jp/rankmatch?cmd=v&rk=2&v=11&se=5&t=1
酒と泪,ドール (2),43,亜種2,10,アースクェイク / ダルバドーハ / バインドグラスプ / 炎の楔 / 熱傷,リジェネレイト / 守りのミンネ,https://eldersign.jp/rankmatch?cmd=v&rk=2&v=2&se=5&t=1,https://eldersign.jp/rankmatch?cmd=v&rk=2&v=3&se=5&t=1,https://eldersign.jp/rankmatch?cmd=v&rk=2&v=4&se=5&t=1,https://eldersign.jp/rankmatch?cmd=v&rk=2&v=5&se=5&t=1,https://eldersign.jp/rankmatch?cmd=v&rk=2&v=6&se=5&t=1,https://eldersign.jp/rankmatch?cmd=v&rk=2&v=7&se=5&t=1,https://eldersign.jp/rankmatch?cmd=v&rk=2&v=8&se=5&t=1,https://eldersign.jp/rankmatch?cmd=v&rk=2&v=9&se=5&t=1,https://eldersign.jp/rankmatch?cmd=v&rk=2&v=10&se=5&t=1,https://eldersign.jp/rankmatch?cmd=v&rk=2&v=11&se=5&t=1,
酒と泪,オールドワン,64,原種,11,デルバイス / トランキリティ / ミラーズ / ユロール / ラストシュリーク,リジェネレイト / リフレクション / 守りのミンネ / 防御ブースト,https://eldersign.jp/rankmatch?cmd=v&rk=2&v=1&se=5&t=1,https://eldersign.jp/rankmatch?cmd=v&rk=2&v=2&se=5&t=1,https://eldersign.jp/rankmatch?cmd=v&rk=2&v=3&se=5&t=1,https://eldersign.jp/rankmatch?cmd=v&rk=2&v=4&se=5&t=1,https://eldersign.jp/rankmatch?cmd=v&rk=2&v=5&se=5&t=1,https://eldersign.jp/rankmatch?cmd=v&rk=2&v=6&se=5&t=1,https://eldersign.jp/rankmatch?cmd=v&rk=2&v=7&se=5&t=1,https://eldersign.jp/rankmatch?cmd=v&rk=2&v=8&se=5&t=1,https://eldersign.jp/rankmatch?cmd=v&rk=2&v=9&se=5&t=1,https://eldersign.jp/rankmatch?cmd=v&rk=2&v=10&se=5&t=1,https://eldersign.jp/rankmatch?cmd=v&rk=2&v=11&se=5&t=1
pmg,ガッシムブラック,45,原種,2,くすぐり / まさぐり / ガッシマ / チャージ,守りのミンネ / 戦いのエール,https://eldersign.jp/rankmatch?cmd=v&rk=2&v=2&se=5&t=1,https://eldersign.jp/rankmatch?cmd=v&rk=2&v=75&se=5&t=1,,,,,,,,,
pmg,ガッシムホワイト,41,原種,2,ガッシマ / スタンピード / チャージ / バインドグラスプ,守りのミンネ / 戦いのエール,https://eldersign.jp/rankmatch?cmd=v&rk=2&v=2&se=5&t=1,https://eldersign.jp/rankmatch?cmd=v&rk=2&v=75&se=5&t=1,,,,,,,,,
pmg,エボニールミナス,36,原種,2,テラーコール / 光のベール,心の壁 / 心の棘,https://eldersign.jp/rankmatch?cmd=v&rk=2&v=2&se=5&t=1,https://eldersign.jp/rankmatch?cmd=v&rk=2&v=75&se=5&t=1,,,,,,,,,
pmg,オールドワンップル,31,原種,2,ウィンドボルト / ミラーズ,ミラージュ / 心の棘,https://eldersign.jp/rankmatch?cmd=v&rk=2&v=2&se=5&t=1,https://eldersign.jp/rankmatch?cmd=v&rk=2&v=75&se=5&t=1,,,,,,,,,
pmg,一郎,46,原種,9,くすぐり / まさぐり / ガッシマ / チャージ / ペトロガス,エンジェリックウィング / ハートオブウィンド / ミラージュ / レジストシック / 予習復習 / 命中ブースト,https://eldersign.jp/rankmatch?cmd=v&rk=2&v=34&se=5&t=1,https://eldersign.jp/rankmatch?cmd=v&rk=2&v=67&se=5&t=1,https://eldersign.jp/rankmatch?cmd=v&rk=2&v=68&se=5&t=1,https://eldersign.jp/rankmatch?cmd=v&rk=2&v=69&se=5&t=1,https://eldersign.jp/rankmatch?cmd=v&rk=2&v=70&se=5&t=1,https://eldersign.jp/rankmatch?cmd=v&rk=2&v=71&se=5&t=1,https://eldersign.jp/rankmatch?cmd=v&rk=2&v=72&se=5&t=1,https://eldersign.jp/rankmatch?cmd=v&rk=2&v=73&se=5&t=1,https://eldersign.jp/rankmatch?cmd=v&rk=2&v=74&se=5&t=1,,
pmg,二郎,42,原種,9,ガッシマ / スタンピード / チャージ / バインドグラスプ / ペトロガス,レジストシック / 予習復習,https://eldersign.jp/rankmatch?cmd=v&rk=2&v=34&se=5&t=1,https://eldersign.jp/rankmatch?cmd=v&rk=2&v=67&se=5&t=1,https://eldersign.jp/rankmatch?cmd=v&rk=2&v=68&se=5&t=1,https://eldersign.jp/rankmatch?cmd=v&rk=2&v=69&se=5&t=1,https://eldersign.jp/rankmatch?cmd=v&rk=2&v=70&se=5&t=1,https://eldersign.jp/rankmatch?cmd=v&rk=2&v=71&se=5&t=1,https://eldersign.jp/rankmatch?cmd=v&rk=2&v=72&se=5&t=1,https://eldersign.jp/rankmatch?cmd=v&rk=2&v=73&se=5&t=1,https://eldersign.jp/rankmatch?cmd=v&rk=2&v=74&se=5&t=1,,
pmg,三郎,37,原種,9,テラーコール / ルビーライト / 光のベール,アウタークッキー,https://eldersign.jp/rankmatch?cmd=v&rk=2&v=34&se=5&t=1,https://eldersign.jp/rankmatch?cmd=v&rk=2&v=67&se=5&t=1,https://eldersign.jp/rankmatch?cmd=v&rk=2&v=68&se=5&t=1,https://eldersign.jp/rankmatch?cmd=v&rk=2&v=69&se=5&t=1,https://eldersign.jp/rankmatch?cmd=v&rk=2&v=70&se=5&t=1,https://eldersign.jp/rankmatch?cmd=v&rk=2&v=71&se=5&t=1,https://eldersign.jp/rankmatch?cmd=v&rk=2&v=72&se=5&t=1,https://eldersign.jp/rankmatch?cmd=v&rk=2&v=73&se=5&t=1,https://eldersign.jp/rankmatch?cmd=v&rk=2&v=74&se=5&t=1,,
pmg,花子,32,原種,9,ウィンドボルト / テンプテイション / ミラーズ,アウタークッキー,https://eldersign.jp/rankmatch?cmd=v&rk=2&v=34&se=5&t=1,https://eldersign.jp/rankmatch?cmd=v&rk=2&v=67&se=5&t=1,https://eldersign.jp/rankmatch?cmd=v&rk=2&v=68&se=5&t=1,https://eldersign.jp/rankmatch?cmd=v&rk=2&v=69&se=5&t=1,https://eldersign.jp/rankmatch?cmd=v&rk=2&v=70&se=5&t=1,https://eldersign.jp/rankmatch?cmd=v&rk=2&v=71&se=5&t=1,https://eldersign.jp/rankmatch?cmd=v&rk=2&v=72&se=5&t=1,https://eldersign.jp/rankmatch?cmd=v&rk=2&v=73&se=5&t=1,https://eldersign.jp/rankmatch?cmd=v&rk=2&v=74&se=5&t=1,,
ショーンマイケル,ブラスドラゴン,55,原種,10,ドラゴンスケイル / ハードブロウ / ファイアブレス,ビーストクッキー / リジェネレイト,https://eldersign.jp/rankmatch?cmd=v&rk=2&v=8&se=5&t=1,https://eldersign.jp/rankmatch?cmd=v&rk=2&v=40&se=5&t=1,https://eldersign.jp/rankmatch?cmd=v&rk=2&v=72&se=5&t=1,https://eldersign.jp/rankmatch?cmd=v&rk=2&v=104&se=5&t=1,https://eldersign.jp/rankmatch?cmd=v&rk=2&v=136&se=5&t=1,https://eldersign.jp/rankmatch?cmd=v&rk=2&v=200&se=5&t=1,https://eldersign.jp/rankmatch?cmd=v&rk=2&v=232&se=5&t=1,https://eldersign.jp/rankmatch?cmd=v&rk=2&v=265&se=5&t=1,https://eldersign.jp/rankmatch?cmd=v&rk=2&v=266&se=5&t=1,https://eldersign.jp/rankmatch?cmd=v&rk=2&v=267&se=5&t=1,
ショーンマイケル,ジャバウォック (1),70,亜種1,1,エイミング / ベノムスティング / 氷葬,フレイムバリア / 敏捷ブースト,https://eldersign.jp/rankmatch?cmd=v&rk=2&v=168&se=5&t=1,,,,,,,,,,
ショーンマイケル,ジャバウォック (2),68,亜種2,8,ジャバー / ダブルアタック / ハードブロウ / ファイアボール / ファストブレード,ビーストクッキー,https://eldersign.jp/rankmatch?cmd=v&rk=2&v=8&se=5&t=1,https://eldersign.jp/rankmatch?cmd=v&rk=2&v=72&se=5&t=1,https://eldersign.jp/rankmatch?cmd=v&rk=2&v=136&se=5&t=1,https://eldersign.jp/rankmatch?cmd=v&rk=2&v=200&se=5&t=1,https://eldersign.jp/rankmatch?cmd=v&rk=2&v=232&se=5&t=1,https://eldersign.jp/rankmatch?cmd=v&rk=2&v=265&se=5&t=1,https://eldersign.jp/rankmatch?cmd=v&rk=2&v=266&se=5&t=1,https://eldersign.jp/rankmatch?cmd=v&rk=2&v=267&se=5&t=1,,,
ショーンマイケル,ファリシー,63,亜種2,4,ウィンドボルト / コールドボルト / ダークボルト / チャージ / バニシュ,ハートオブオーシャン / フェアリークッキー / リジェネレイト / レジストシール,https://eldersign.jp/rankmatch?cmd=v&rk=2&v=8&se=5&t=1,https://eldersign.jp/rankmatch?cmd=v&rk=2&v=40&se=5&t=1,https://eldersign.jp/rankmatch?cmd=v&rk=2&v=168&se=5&t=1,https://eldersign.jp/rankmatch?cmd=v&rk=2&v=266&se=5&t=1,,,,,,,
ショーンマイケル,グウィリオン,64,亜種1,8,ウィンドボルト / ダブルアタック / ハルバード / ヒーリング / ファイアボール,フェアリークッキー / レジストポイズン,https://eldersign.jp/rankmatch?cmd=v&rk=2&v=8&se=5&t=1,https://eldersign.jp/rankmatch?cmd=v&rk=2&v=72&se=5&t=1,https://eldersign.jp/rankmatch?cmd=v&rk=2&v=136&se=5&t=1,https://eldersign.jp/rankmatch?cmd=v&rk=2&v=200&se=5&t=1,https://eldersign.jp/rankmatch?cmd=v&rk=2&v=232&se=5&t=1,https://eldersign.jp/rankmatch?cmd=v&rk=2&v=265&se=5&t=1,https://eldersign.jp/rankmatch?cmd=v&rk=2&v=266&se=5&t=1,https://eldersign.jp/rankmatch?cmd=v&rk=2&v=267&se=5&t=1,,,
ショーンマイケル,踏みつけ,39,亜種2,2,スウィング / 超低周波 / 踏みつけ,戦いのエール / 防御ブースト,https://eldersign.jp/rankmatch?cmd=v&rk=2&v=40&se=5&t=1,https://eldersign.jp/rankmatch?cmd=v&rk=2&v=104&se=5&t=1,,,,,,,,,
ショーンマイケル,サキュバス,68,原種,8,アイスボール / サクション / テンプテイション / ファストブレード / 超低周波,フェアリークッキー / 敏捷ブースト / 魔力ブースト,https://eldersign.jp/rankmatch?cmd=v&rk=2&v=40&se=5&t=1,https://eldersign.jp/rankmatch?cmd=v&rk=2&v=72&se=5&t=1,https://eldersign.jp/rankmatch?cmd=v&rk=2&v=104&se=5&t=1,https://eldersign.jp/rankmatch?cmd=v&rk=2&v=136&se=5&t=1,https://eldersign.jp/rankmatch?cmd=v&rk=2&v=200&se=5&t=1,https://eldersign.jp/rankmatch?cmd=v&rk=2&v=232&se=5&t=1,https://eldersign.jp/rankmatch?cmd=v&rk=2&v=265&se=5&t=1,https://eldersign.jp/rankmatch?cmd=v&rk=2&v=267&se=5&t=1,,,
ショーンマイケル,アルビノペンギン,24,亜種1,1,テラーコール / トライペック,アウタークッキー,https://eldersign.jp/rankmatch?cmd=v&rk=2&v=104&se=5&t=1,,,,,,,,,,
ショーンマイケル,ペリュトン,66,原種,1,滅びの翼,命中ブースト / 心の壁,https://eldersign.jp/rankmatch?cmd=v&rk=2&v=168&se=5&t=1,,,,,,,,,,
ショーンマイケル,スキュラ,70,亜種2,1,アイスランス / イーヴルフルート / ファイアボール / 氷葬,レジストポイズン,https://eldersign.jp/rankmatch?cmd=v&rk=2&v=168&se=5&t=1,,,,,,,,,,
Vince,ジャバウォック,48,亜種2,11,ウォークライ / ジャバー / ハードブロウ,HPブースト / フレイムバリア / 守りのミンネ / 攻撃ブースト / 敏捷ブースト / 防火布,https://eldersign.jp/rankmatch?cmd=v&rk=2&v=9&se=5&t=1,https://eldersign.jp/rankmatch?cmd=v&rk=2&v=41&se=5&t=1,https://eldersign.jp/rankmatch?cmd=v&rk=2&v=73&se=5&t=1,https://eldersign.jp/rankmatch?cmd=v&rk=2&v=105&se=5&t=1,https://eldersign.jp/rankmatch?cmd=v&rk=2&v=137&se=5&t=1,https://eldersign.jp/rankmatch?cmd=v&rk=2&v=169&se=5&t=1,https://eldersign.jp/rankmatch?cmd=v&rk=2&v=201&se=5&t=1,https://eldersign.jp/rankmatch?cmd=v&rk=2&v=233&se=5&t=1,https://eldersign.jp/rankmatch?cmd=v&rk=2&v=265&se=5&t=1,https://eldersign.jp/rankmatch?cmd=v&rk=2&v=298&se=5&t=1,https://eldersign.jp/rankmatch?cmd=v&rk=2&v=299&se=5&t=1
Vince,スキュラ,46,原種,10,アイスランス / バインドグラスプ,,https://eldersign.jp/rankmatch?cmd=v&rk=2&v=9&se=5&t=1,https://eldersign.jp/rankmatch?cmd=v&rk=2&v=41&se=5&t=1,https://eldersign.jp/rankmatch?cmd=v&rk=2&v=73&se=5&t=1,https://eldersign.jp/rankmatch?cmd=v&rk=2&v=137&se=5&t=1,https://eldersign.jp/rankmatch?cmd=v&rk=2&v=169&se=5&t=1,https://eldersign.jp/rankmatch?cmd=v&rk=2&v=201&se=5&t=1,https://eldersign.jp/rankmatch?cmd=v&rk=2&v=233&se=5&t=1,https://eldersign.jp/rankmatch?cmd=v&rk=2&v=265&se=5&t=1,https://eldersign.jp/rankmatch?cmd=v&rk=2&v=298&se=5&t=1,https://eldersign.jp/rankmatch?cmd=v&rk=2&v=299&se=5&t=1,
Vince,エアリエル,37,原種,11,エルフショット / テンペスト / ファイアボール,魔力ブースト,https://eldersign.jp/rankmatch?cmd=v&rk=2&v=9&se=5&t=1,https://eldersign.jp/rankmatch?cmd=v&rk=2&v=41&se=5&t=1,https://eldersign.jp/rankmatch?cmd=v&rk=2&v=73&se=5&t=1,https://eldersign.jp/rankmatch?cmd=v&rk=2&v=105&se=5&t=1,https://eldersign.jp/rankmatch?cmd=v&rk=2&v=137&se=5&t=1,https://eldersign.jp/rankmatch?cmd=v&rk=2&v=169&se=5&t=1,https://eldersign.jp/rankmatch?cmd=v&rk=2&v=201&se=5&t=1,https://eldersign.jp/rankmatch?cmd=v&rk=2&v=233&se=5&t=1,https://eldersign.jp/rankmatch?cmd=v&rk=2&v=265&se=5&t=1,https://eldersign.jp/rankmatch?cmd=v&rk=2&v=298&se=5&t=1,https://eldersign.jp/rankmatch?cmd=v&rk=2&v=299&se=5&t=1
Vince,スノウ,31,亜種1,11,エルフショット / スノウストーム / スリートストーム / 氷の花,リフレクション / レジストシック / レジストポイズン / 敏捷ブースト,https://eldersign.jp/rankmatch?cmd=v&rk=2&v=9&se=5&t=1,https://eldersign.jp/rankmatch?cmd=v&rk=2&v=41&se=5&t=1,https://eldersign.jp/rankmatch?cmd=v&rk=2&v=73&se=5&t=1,https://eldersign.jp/rankmatch?cmd=v&rk=2&v=105&se=5&t=1,https://eldersign.jp/rankmatch?cmd=v&rk=2&v=137&se=5&t=1,https://eldersign.jp/rankmatch?cmd=v&rk=2&v=169&se=5&t=1,https://eldersign.jp/rankmatch?cmd=v&rk=2&v=201&se=5&t=1,https://eldersign.jp/rankmatch?cmd=v&rk=2&v=233&se=5&t=1,https://eldersign.jp/rankmatch?cmd=v&rk=2&v=265&se=5&t=1,https://eldersign.jp/rankmatch?cmd=v&rk=2&v=298&se=5&t=1,https://eldersign.jp/rankmatch?cmd=v&rk=2&v=299&se=5&t=1
Vince,ラベンダードラゴン,10,原種,1,夢の終わり / 氷葬,,https://eldersign.jp/rankmatch?cmd=v&rk=2&v=105&se=5&t=1,,,,,,,,,,
覚者ロイ,ハイドラ,32,亜種2,9,くすぐり / クァドラストライク / チャージ / ハードブロウ / ラーヴァフロウ,レジストペトリ / 命中ブースト,https://eldersign.jp/rankmatch?cmd=v&rk=2&v=11&se=5&t=1,https://eldersign.jp/rankmatch?cmd=v&rk=2&v=43&se=5&t=1,https://eldersign.jp/rankmatch?cmd=v&rk=2&v=75&se=5&t=1,https://eldersign.jp/rankmatch?cmd=v&rk=2&v=107&se=5&t=1,https://eldersign.jp/rankmatch?cmd=v&rk=2&v=139&se=5&t=1,https://eldersign.jp/rankmatch?cmd=v&rk=2&v=171&se=5&t=1,https://eldersign.jp/rankmatch?cmd=v&rk=2&v=203&se=5&t=1,https://eldersign.jp/rankmatch?cmd=v&rk=2&v=267&se=5&t=1,https://eldersign.jp/rankmatch?cmd=v&rk=2&v=331&se=5&t=1,,
覚者ロイ,パズズ,35,原種,9,ダブルアタック / チャージ / デルタスラッシュ,戦いのエール / 攻撃ブースト,https://eldersign.jp/rankmatch?cmd=v&rk=2&v=11&se=5&t=1,https://eldersign.jp/rankmatch?cmd=v&rk=2&v=43&se=5&t=1,https://eldersign.jp/rankmatch?cmd=v&rk=2&v=75&se=5&t=1,https://eldersign.jp/rankmatch?cmd=v&rk=2&v=107&se=5&t=1,https://eldersign.jp/rankmatch?cmd=v&rk=2&v=139&se=5&t=1,https://eldersign.jp/rankmatch?cmd=v&rk=2&v=171&se=5&t=1,https://eldersign.jp/rankmatch?cmd=v&rk=2&v=203&se=5&t=1,https://eldersign.jp/rankmatch?cmd=v&rk=2&v=267&se=5&t=1,https://eldersign.jp/rankmatch?cmd=v&rk=2&v=331&se=5&t=1,,
覚者ロイ,グレムリン,27,原種,9,エルフショット / ヒーリング / 風葬,HPブースト,https://eldersign.jp/rankmatch?cmd=v&rk=2&v=11&se=5&t=1,https://eldersign.jp/rankmatch?cmd=v&rk=2&v=43&se=5&t=1,https://eldersign.jp/rankmatch?cmd=v&rk=2&v=75&se=5&t=1,https://eldersign.jp/rankmatch?cmd=v&rk=2&v=107&se=5&t=1,https://eldersign.jp/rankmatch?cmd=v&rk=2&v=139&se=5&t=1,https://eldersign.jp/rankmatch?cmd=v&rk=2&v=171&se=5&t=1,https://eldersign.jp/rankmatch?cmd=v&rk=2&v=203&se=5&t=1,https://eldersign.jp/rankmatch?cmd=v&rk=2&v=267&se=5&t=1,https://eldersign.jp/rankmatch?cmd=v&rk=2&v=331&se=5&t=1,,
覚者ロイ,クン・アヌン,31,亜種2,9,エルフショット / バーニングレイジ / ファイアボール / ファイアランス / リヴァイヴ,クィックオーダー,https://eldersign.jp/rankmatch?cmd=v&rk=2&v=11&se=5&t=1,https://eldersign.jp/rankmatch?cmd=v&rk=2&v=43&se=5&t=1,https://eldersign.jp/rankmatch?cmd=v&rk=2&v=75&se=5&t=1,https://eldersign.jp/rankmatch?cmd=v&rk=2&v=107&se=5&t=1,https://eldersign.jp/rankmatch?cmd=v&rk=2&v=139&se=5&t=1,https://eldersign.jp/rankmatch?cmd=v&rk=2&v=171&se=5&t=1,https://eldersign.jp/rankmatch?cmd=v&rk=2&v=203&se=5&t=1,https://eldersign.jp/rankmatch?cmd=v&rk=2&v=267&se=5&t=1,https://eldersign.jp/rankmatch?cmd=v&rk=2&v=331&se=5&t=1,,
覚者ロイ,ダークヤング (1),27,原種,2,イボニーシード / ガッシマ,リジェネレイト,https://eldersign.jp/rankmatch?cmd=v&rk=2&v=235&se=5&t=1,https://eldersign.jp/rankmatch?cmd=v&rk=2&v=299&se=5&t=1,,,,,,,,,
覚者ロイ,ダークヤング (2),12,原種,2,ガッシマ,ハートオブウィンド,https://eldersign.jp/rankmatch?cmd=v&rk=2&v=235&se=5&t=1,https://eldersign.jp/rankmatch?cmd=v&rk=2&v=299&se=5&t=1,,,,,,,,,
覚者ロイ,アトラク＝ナクア,6,原種,2,ゴッサマーチェイン,心の棘,https://eldersign.jp/rankmatch?cmd=v&rk=2&v=235&se=5&t=1,https://eldersign.jp/rankmatch?cmd=v&rk=2&v=299&se=5&t=1,,,,,,,,,
覚者ロイ,オールドワン,12,原種,2,ミラーズ,レジストスリープ,https://eldersign.jp/rankmatch?cmd=v&rk=2&v=235&se=5&t=1,https://eldersign.jp/rankmatch?cmd=v&rk=2&v=299&se=5&t=1,,,,,,,,,
煌龍,ワイバーン (1),49,原種,4,スパイクテイル / ベノムスティング,ビーストクッキー / 戦いのエール / 防御ブースト,https://eldersign.jp/rankmatch?cmd=v&rk=2&v=10&se=5&t=1,https://eldersign.jp/rankmatch?cmd=v&rk=2&v=42&se=5&t=1,https://eldersign.jp/rankmatch?cmd=v&rk=2&v=170&se=5&t=1,https://eldersign.jp/rankmatch?cmd=v&rk=2&v=266&se=5&t=1,,,,,,,
煌龍,ワイバーン (2),41,原種,1,光の刻印,戦いのエール / 防御ブースト,https://eldersign.jp/rankmatch?cmd=v&rk=2&v=106&se=5&t=1,,,,,,,,,,
煌龍,ラプシヌプルクル,49,原種,9,ダブルアタック / ファストブレード / ペトロガス / 火葬 / 熱傷,ビーストクッキー / フレイムアシスト / 攻撃ブースト,https://eldersign.jp/rankmatch?cmd=v&rk=2&v=10&se=5&t=1,https://eldersign.jp/rankmatch?cmd=v&rk=2&v=42&se=5&t=1,https://eldersign.jp/rankmatch?cmd=v&rk=2&v=74&se=5&t=1,https://eldersign.jp/rankmatch?cmd=v&rk=2&v=138&se=5&t=1,https://eldersign.jp/rankmatch?cmd=v&rk=2&v=202&se=5&t=1,https://eldersign.jp/rankmatch?cmd=v&rk=2&v=234&se=5&t=1,https://eldersign.jp/rankmatch?cmd=v&rk=2&v=266&se=5&t=1,https://eldersign.jp/rankmatch?cmd=v&rk=2&v=298&se=5&t=1,https://eldersign.jp/rankmatch?cmd=v&rk=2&v=331&se=5&t=1,,
煌龍,セイレン,32,原種,4,グリムシャドウ / ダークボルト / 悪魔のトリル / 魔性の囁き,フレイムバリア / 心の壁 / 心の棘 / 敏捷ブースト,https://eldersign.jp/rankmatch?cmd=v&rk=2&v=10&se=5&t=1,https://eldersign.jp/rankmatch?cmd=v&rk=2&v=42&se=5&t=1,https://eldersign.jp/rankmatch?cmd=v&rk=2&v=106&se=5&t=1,https://eldersign.jp/rankmatch?cmd=v&rk=2&v=170&se=5&t=1,,,,,,,
煌龍,グレムリン,24,原種,5,ハイドアウト / 風葬,フェアリークッキー,https://eldersign.jp/rankmatch?cmd=v&rk=2&v=10&se=5&t=1,https://eldersign.jp/rankmatch?cmd=v&rk=2&v=42&se=5&t=1,https://eldersign.jp/rankmatch?cmd=v&rk=2&v=74&se=5&t=1,https://eldersign.jp/rankmatch?cmd=v&rk=2&v=266&se=5&t=1,https://eldersign.jp/rankmatch?cmd=v&rk=2&v=331&se=5&t=1,,,,,,
煌龍,アンクー,12,原種,4,デスサイズ,フェアリークッキー,https://eldersign.jp/rankmatch?cmd=v&rk=2&v=74&se=5&t=1,https://eldersign.jp/rankmatch?cmd=v&rk=2&v=138&se=5&t=1,https://eldersign.jp/rankmatch?cmd=v&rk=2&v=202&se=5&t=1,https://eldersign.jp/rankmatch?cmd=v&rk=2&v=331&se=5&t=1,,,,,,,
煌龍,ドール,44,原種,6,アースクェイク / カロウシブスピット / テラーコール,フレイムバリア / 守りのミンネ / 戦いのエール / 攻撃ブースト / 敏捷ブースト / 防御ブースト,https://eldersign.jp/rankmatch?cmd=v&rk=2&v=74&se=5&t=1,https://eldersign.jp/rankmatch?cmd=v&rk=2&v=138&se=5&t=1,https://eldersign.jp/rankmatch?cmd=v&rk=2&v=234&se=5&t=1,https://eldersign.jp/rankmatch?cmd=v&rk=2&v=266&se=5&t=1,https://eldersign.jp/rankmatch?cmd=v&rk=2&v=298&se=5&t=1,https://eldersign.jp/rankmatch?cmd=v&rk=2&v=331&se=5&t=1,,,,,
煌龍,シムルグ,31,原種,4,ダブルアタック / バードサンクチュアリ / 水流,フレイムアシスト / 守りのミンネ / 攻撃ブースト,https://eldersign.jp/rankmatch?cmd=v&rk=2&v=106&se=5&t=1,https://eldersign.jp/rankmatch?cmd=v&rk=2&v=138&se=5&t=1,https://eldersign.jp/rankmatch?cmd=v&rk=2&v=170&se=5&t=1,https://eldersign.jp/rankmatch?cmd=v&rk=2&v=202&se=5&t=1,,,,,,,
煌龍,シルバードラゴン (1),46,原種,3,アイスブレス / コールドボルト / ダークボルト,コールドアシスト / 命中ブースト / 心の棘 / 防御ブースト,https://eldersign.jp/rankmatch?cmd=v&rk=2&v=106&se=5&t=1,https://eldersign.jp/rankmatch?cmd=v&rk=2&v=170&se=5&t=1,https://eldersign.jp/rankmatch?cmd=v&rk=2&v=234&se=5&t=1,,,,,,,,
煌龍,シルバードラゴン (2),46,原種,1,ブリザード,コールドアシスト / 防御ブースト,https://eldersign.jp/rankmatch?cmd=v&rk=2&v=298&se=5&t=1,,,,,,,,,,
煌龍,モーラ,33,原種,1,ウィンドボルト / ヒーリング / ファイアボール / ブラッドスティール,命中ブースト / 心の棘,https://eldersign.jp/rankmatch?cmd=v&rk=2&v=202&se=5&t=1,,,,,,,,,,
煌龍,ペリ,21,原種,2,ファイアボール / ムーランルージュ,命中ブースト / 心の棘,https://eldersign.jp/rankmatch?cmd=v&rk=2&v=234&se=5&t=1,https://eldersign.jp/rankmatch?cmd=v&rk=2&v=298&se=5&t=1,,,,,,,,,